Common Name,Scientific Name
Black-bellied Whistling-Duck,Dendrocygna autumnalis
Fulvous Whistling-Duck,Dendrocygna bicolor
Emperor Goose,Anser canagicus
Snow Goose,Anser caerulescens
Ross's Goose,Anser rossii
Graylag Goose,Anser anser
Greater White-fronted Goose,Anser albifrons
Lesser White-fronted Goose,Anser erythropus
Taiga Bean-Goose,Anser fabalis
Tundra Bean-Goose,Anser serrirostris
Pink-footed Goose,Anser brachyrhynchus
Brant,Branta bernicla
Barnacle Goose,Branta leucopsis
Cackling Goose,Branta hutchinsii
Canada Goose,Branta canadensis
Hawaiian Goose,Branta sandvicensis
Mute Swan,Cygnus olor
Trumpeter Swan,Cygnus buccinator
Tundra Swan,Cygnus columbianus
Whooper Swan,Cygnus cygnus
Egyptian Goose,Alopochen aegyptiaca
Common Shelduck,Tadorna tadorna
Muscovy Duck,Cairina moschata
Wood Duck,Aix sponsa
Baikal Teal,Sibirionetta formosa
Garganey,Spatula querquedula
Blue-winged Teal,Spatula discors
Cinnamon Teal,Spatula cyanoptera
Northern Shoveler,Spatula clypeata
Gadwall,Mareca strepera
Falcated Duck,Mareca falcata
Eurasian Wigeon,Mareca penelope
American Wigeon,Mareca americana
Laysan Duck,Anas laysanensis
Hawaiian Duck,Anas wyvilliana
Eastern Spot-billed Duck,Anas zonorhyncha
Mallard,Anas platyrhynchos
Mexican Duck,Anas diazi
American Black Duck,Anas rubripes
Mottled Duck,Anas fulvigula
White-cheeked Pintail,Anas bahamensis
Northern Pintail,Anas acuta
Green-winged Teal,Anas crecca
Canvasback,Aythya valisineria
Redhead,Aythya americana
Common Pochard,Aythya ferina
Ring-necked Duck,Aythya collaris
Tufted Duck,Aythya fuligula
Greater Scaup,Aythya marila
Lesser Scaup,Aythya affinis
Steller's Eider,Polysticta stelleri
"Labrador Duck (extinct, 1858)",Camptorhynchus labradorius
Spectacled Eider,Somateria fischeri
King Eider,Somateria spectabilis
Common Eider,Somateria mollissima
Harlequin Duck,Histrionicus histrionicus
Surf Scoter,Melanitta perspicillata
White-winged Scoter,Melanitta deglandi
Stejneger's Scoter,Melanitta stejnegeri
Common Scoter,Melanitta nigra
Black Scoter,Melanitta americana
Long-tailed Duck,Clangula hyemalis
Bufflehead,Bucephala albeola
Common Goldeneye,Bucephala clangula
Barrow's Goldeneye,Bucephala islandica
Smew,Mergellus albellus
Hooded Merganser,Lophodytes cucullatus
Common Merganser,Mergus merganser
Red-breasted Merganser,Mergus serrator
Masked Duck,Nomonyx dominicus
Ruddy Duck,Oxyura jamaicensis
Plain Chachalaca,Ortalis vetula
Mountain Quail,Oreortyx pictus
Northern Bobwhite,Colinus virginianus
Scaled Quail,Callipepla squamata
California Quail,Callipepla californica
Gambel's Quail,Callipepla gambelii
Montezuma Quail,Cyrtonyx montezumae
Wild Turkey,Meleagris gallopavo
Ruffed Grouse,Bonasa umbellus
Spruce Grouse,Canachites canadensis
Willow Ptarmigan,Lagopus lagopus
Rock Ptarmigan,Lagopus muta
White-tailed Ptarmigan,Lagopus leucura
Greater Sage-Grouse,Centrocercus urophasianus
Gunnison Sage-Grouse,Centrocercus minimus
Dusky Grouse,Dendragapus obscurus
Sooty Grouse,Dendragapus fuliginosus
Sharp-tailed Grouse,Tympanuchus phasianellus
Greater Prairie-Chicken,Tympanuchus cupido
Lesser Prairie-Chicken,Tympanuchus pallidicinctus
Gray Partridge,Perdix perdix
Ring-necked Pheasant,Phasianus colchicus
Kalij Pheasant,Lophura leucomelanos
Indian Peafowl,Pavo cristatus
Gray Francolin,Ortygornis pondicerianus
Black Francolin,Francolinus francolinus
Red Junglefowl,Gallus gallus
Himalayan Snowcock,Tetraogallus himalayensis
Chukar,Alectoris chukar
Erckel's Spurfowl (Francolin),Pternistis erckelii
American Flamingo,Phoenicopterus ruber
Least Grebe,Tachybaptus dominicus
Pied-billed Grebe,Podilymbus podiceps
Horned Grebe,Podiceps auritus
Red-necked Grebe,Podiceps grisegena
Eared Grebe,Podiceps nigricollis
Western Grebe,Aechmophorus occidentalis
Clark's Grebe,Aechmophorus clarkii
Chestnut-bellied Sandgrouse,Pterocles exustus
Rock Pigeon,Columba livia
Common Wood-Pigeon (Wood Pigeon),Columba palumbus
"Passenger Pigeon (extinct, 1914)",Ectopistes migratorius
Scaly-naped Pigeon,Patagioenas squamosa
White-crowned Pigeon,Patagioenas leucocephala
Red-billed Pigeon,Patagioenas flavirostris
Band-tailed Pigeon,Patagioenas fasciata
Oriental Turtle-Dove,Streptopelia orientalis
European Turtle-Dove,Streptopelia turtur
Eurasian Collared-Dove,Streptopelia decaocto
African Collared-Dove (1969-1994),Streptopelia roseogrisea
Spotted Dove,Streptopelia chinensis
Zebra Dove,Geopelia striata
Inca Dove,Columbina inca
Common Ground Dove,Columbina passerina
Ruddy Ground Dove,Columbina talpacoti
Ruddy Quail-Dove,Geotrygon montana
Key West Quail-Dove,Geotrygon chrysia
White-tipped Dove,Leptotila verreauxi
White-winged Dove,Zenaida asiatica
Zenaida Dove,Zenaida aurita
Mourning Dove,Zenaida macroura
Smooth-billed Ani,Crotophaga ani
Groove-billed Ani,Crotophaga sulcirostris
Greater Roadrunner,Geococcyx californianus
Common Cuckoo,Cuculus canorus
Oriental Cuckoo,Cuculus optatus
Dark-billed Cuckoo,Coccyzus melacoryphus
Yellow-billed Cuckoo,Coccyzus americanus
Mangrove Cuckoo,Coccyzus minor
Black-billed Cuckoo,Coccyzus erythropthalmus
Lesser Nighthawk,Chordeiles acutipennis
Common Nighthawk,Chordeiles minor
Antillean Nighthawk,Chordeiles gundlachii
Common Pauraque,Nyctidromus albicollis
Common Poorwill,Phalaenoptilus nuttallii
Chuck-will's-widow,Antrostomus carolinensis
Buff-collared Nightjar,Antrostomus ridgwayi
Eastern Whip-poor-will,Antrostomus vociferus
Mexican Whip-poor-will,Antrostomus arizonae
Gray Nightjar,Caprimulgus jotaka
Black Swift,Cypseloides niger
White-collared Swift,Streptoprocne zonaris
Chimney Swift,Chaetura pelagica
Vaux's Swift,Chaetura vauxi
White-throated Needletail,Hirundapus caudacutus
Mariana Swiftlet,Aerodramus bartschi
Common Swift,Apus apus
Pacific (Fork-tailed) Swift,Apus pacificus
White-throated Swift,Aeronautes saxatalis
Antillean Palm Swift (Palm-Swift),Tachornis phoenicobia
Mexican Violetear,Colibri thalassinus
Green-breasted Mango,Anthracothorax prevostii
Rivoli's Hummingbird,Eugenes fulgens
Plain-capped Starthroat,Heliomaster constantii
Amethyst-throated Mountain-gem,Lampornis amethystinus
Blue-throated Mountain-gem,Lampornis clemenciae
Lucifer Hummingbird,Calothorax lucifer
Ruby-throated Hummingbird,Archilochus colubris
Black-chinned Hummingbird,Archilochus alexandri
Bahama Woodstar,Nesophlox evelynae
Anna's Hummingbird,Calypte anna
Costa's Hummingbird,Calypte costae
Calliope Hummingbird,Selasphorus calliope
Rufous Hummingbird,Selasphorus rufus
Allen's Hummingbird,Selasphorus sasin
Broad-tailed Hummingbird,Selasphorus platycercus
Bumblebee Hummingbird,Selasphorus heloisa
Broad-billed Hummingbird,Cynanthus latirostris
White-eared Hummingbird,Basilinna leucotis
Xantus's Hummingbird,Basilinna xantusii
Violet-crowned Hummingbird,Ramosomyia violiceps
Berylline Hummingbird,Saucerottia beryllina
Cinnamon Hummingbird,Amazilia rutila
Buff-bellied Hummingbird,Amazilia yucatanensis
Spotted Rail,Pardirallus maculatus
Paint-billed Crake,Mustelirallus erythrops
Rufous-necked Wood-Rail,Aramides axillaris
Ridgway's Rail,Rallus obsoletus
King Rail,Rallus elegans
Clapper Rail,Rallus crepitans
Virginia Rail,Rallus limicola
Corn Crake,Crex crex
Sora,Porzana carolina
Common Gallinule,Gallinula galeata
Eurasian (Common) Moorhen,Gallinula chloropus
Eurasian Coot,Fulica atra
Hawaiian Coot,Fulica alai
American Coot,Fulica americana
Purple Gallinule,Porphyrio martinica (martinicus)
Gray-headed (Purple) Swamphen,Porphyrio poliocephalus (porphyrio)
Yellow Rail,Coturnicops noveboracensis
Black Rail,Laterallus jamaicensis
Laysan Rail,Zapornia palmeri
Hawaiian Rail,Zapornia sandwichensis
Sungrebe,Heliornis fulica
Limpkin,Aramus guarauna
Sandhill Crane,Antigone canadensis
Common Crane,Grus grus
Hooded Crane,Grus monacha
Whooping Crane,Grus americana
Double-striped Thick-knee,Hesperoburhinus bistriatus
Black-winged Stilt,Himantopus himantopus
Black-necked Stilt,Himantopus mexicanus
American Avocet,Recurvirostra americana
Eurasian Oystercatcher,Haematopus ostralegus
American Oystercatcher,Haematopus palliatus
Black Oystercatcher,Haematopus bachmani
Black-bellied Plover,Pluvialis squatarola
European Golden-Plover,Pluvialis apricaria
American Golden-Plover,Pluvialis dominica
Pacific Golden-Plover,Pluvialis fulva
Eurasian Dotterel,Eudromias morinellus
Killdeer,Charadrius vociferus
Common Ringed Plover,Charadrius hiaticula
Semipalmated Plover,Charadrius semipalmatus
Piping Plover,Charadrius melodus
Little Ringed Plover,Charadrius dubius
Northern Lapwing,Vanellus vanellus
Southern Lapwing,Vanellus chilensis
Siberian Sand-Plover,Anarhynchus mongolus
Greater Sand-Plover,Anarhynchus leschenaultii
Wilson's Plover,Anarhynchus wilsonia
Collared Plover,Anarhynchus collaris
Mountain Plover,Anarhynchu montanus
Snowy Plover,Anarhynchus nivosus
Kentish Plover,Anarhynchus alexandrinus
Northern Jacana,Jacana spinosa
Upland Sandpiper,Bartramia longicauda
Bristle-thighed Curlew,Numenius tahitiensis
Whimbrel,Numenius phaeopus
Little Curlew,Numenius minutus
"Eskimo Curlew (extinct, 1962)",Numenius borealis
Long-billed Curlew,Numenius americanus
Far Eastern Curlew,Numenius madagascariensis
Slender-billed Curlew,Numenius tenuirostris
Eurasian Curlew,Numenius arquata
Bar-tailed Godwit,Limosa lapponica
Black-tailed Godwit,Limosa limosa
Hudsonian Godwit,Limosa haemastica
Marbled Godwit,Limosa fedoa
Ruddy Turnstone,Arenaria interpres
Black Turnstone,Arenaria melanocephala
Great Knot,Calidris tenuirostris
Red Knot,Calidris canutus
Surfbird,Calidris virgata
Ruff,Calidris pugnax
Broad-billed Sandpiper,Calidris falcinellus
Sharp-tailed Sandpiper,Calidris acuminata
Stilt Sandpiper,Calidris himantopus
Curlew Sandpiper,Calidris ferruginea
Temminck's Stint,Calidris temminckii
Long-toed Stint,Calidris subminuta
Spoon-billed Sandpiper,Calidris pygmaea (pygmea)
Red-necked Stint,Calidris ruficollis
Sanderling,Calidris alba
Dunlin,Calidris alpina
Rock Sandpiper,Calidris ptilocnemis
Purple Sandpiper,Calidris maritima
Baird's Sandpiper,Calidris bairdii
Little Stint,Calidris minuta
Least Sandpiper,Calidris minutilla
White-rumped Sandpiper,Calidris fuscicollis
Buff-breasted Sandpiper,Calidris subruficollis
Pectoral Sandpiper,Calidris melanotos
Semipalmated Sandpiper,Calidris pusilla
Western Sandpiper,Calidris mauri
Short-billed Dowitcher,Limnodromus griseus
Long-billed Dowitcher,Limnodromus scolopaceus
Jack Snipe,Lymnocryptes minimus
Eurasian Woodcock,Scolopax rusticola
American Woodcock,Scolopax minor
Solitary Snipe,Gallinago solitaria
Pin-tailed Snipe,Gallinago stenura
Common Snipe,Gallinago gallinago
Wilson's Snipe,Gallinago delicata
Terek Sandpiper,Xenus cinereus
Common Sandpiper,Actitis hypoleucos
Spotted Sandpiper,Actitis macularius
Green Sandpiper,Tringa ochropus
Solitary Sandpiper,Tringa solitaria
Gray-tailed Tattler,Tringa brevipes
Wandering Tattler,Tringa incana
Lesser Yellowlegs,Tringa flavipes
Willet,Tringa semipalmata
Spotted Redshank,Tringa erythropus
Common Greenshank,Tringa nebularia
Greater Yellowlegs,Tringa melanoleuca
Common Redshank,Tringa totanus
Wood Sandpiper,Tringa glareola
Marsh Sandpiper,Tringa stagnatilis
Wilson's Phalarope,Phalaropus tricolor
Red-necked Phalarope,Phalaropus lobatus
Red Phalarope,Phalaropus fulicarius
Oriental Pratincole,Glareola maldivarum
Great Skua,Stercorarius skua
South Polar Skua,Stercorarius maccormicki
Pomarine Jaeger,Stercorarius pomarinus
Parasitic Jaeger,Stercorarius parasiticus
Long-tailed Jaeger,Stercorarius longicaudus
Dovekie,Alle alle
Common Murre,Uria aalge
Thick-billed Murre,Uria lomvia
Razorbill,Alca torda
"Great Auk (extinct, 1844)",Pinguinus impennis
Black Guillemot,Cepphus grylle
Pigeon Guillemot,Cepphus columba
Long-billed Murrelet,Brachyramphus perdix
Marbled Murrelet,Brachyramphus marmoratus
Kittlitz's Murrelet,Brachyramphus brevirostris
Scripps's Murrelet,Synthliboramphus scrippsi
Guadalupe Murrelet,Synthliboramphus hypoleucus
Craveri's Murrelet,Synthliboramphus craveri
Ancient Murrelet,Synthliboramphus antiquus
Cassin's Auklet,Ptychoramphus aleuticus
Parakeet Auklet,Aethia psittacula
Least Auklet,Aethia pusilla
Whiskered Auklet,Aethia pygmaea
Crested Auklet,Aethia cristatella
Rhinoceros Auklet,Cerorhinca monocerata
Atlantic Puffin,Fratercula arctica
Horned Puffin,Fratercula corniculata
Tufted Puffin,Fratercula cirrhata
Swallow-tailed Gull,Creagrus furcatus
Black-legged Kittiwake,Rissa tridactyla
Red-legged Kittiwake,Rissa brevirostris
Ivory Gull,Pagophila eburnea
Sabine's Gull,Xema sabini
Bonaparte's Gull,Chroicocephalus philadelphia
Gray-hooded Gull,Chroicocephalus cirrocephalus
Black-headed Gull,Chroicocephalus ridibundus
Little Gull,Hydrocoloeus minutus
Ross's Gull,Rhodostethia rosea
Gray Gull,Leucophaeus modestus
Laughing Gull,Leucophaeus atricilla
Franklin's Gull,Leucophaeus pipixcan
Pallas's Gull,Ichthyaetus ichthyaetus
Belcher's Gull,Larus belcheri
Black-tailed Gull,Larus crassirostris
Heermann's Gull,Larus heermanni
Common Gull,Larus canus
Short-billed Gull,Larus brachyrhynchus
Ring-billed Gull,Larus delawarensis
Western Gull,Larus occidentalis
Yellow-footed Gull,Larus livens
California Gull,Larus californicus
American Herring Gull (Herring Gull),Larus smithsonianus (L. argentatus)
Vega Gull (Herring Gull),Larus vegae (L. argentatus)
Yellow-legged Gull,Larus michahellis
Iceland Gull,Larus glaucoides
Lesser Black-backed Gull,Larus fuscus
Slaty-backed Gull,Larus schistisagus
Glaucous-winged Gull,Larus glaucescens
Glaucous Gull,Larus hyperboreus
Great Black-backed Gull,Larus marinus
Kelp Gull,Larus dominicanus
Brown Noddy,Anous stolidus
Black Noddy,Anous minutus
Blue-gray Noddy,Anous ceruleus
White Tern,Gygis alba
Sooty Tern,Onychoprion fuscatus
Gray-backed Tern,Onychoprion lunatus
Bridled Tern,Onychoprion anaethetus
Aleutian Tern,Onychoprion aleuticus
Little Tern,Sternula albifrons
Least Tern,Sternula antillarum
Large-billed Tern,Phaetusa simplex
Gull-billed Tern,Gelochelidon nilotica
Caspian Tern,Hydroprogne caspia
Inca Tern,Larosterna inca
Black Tern,Chlidonias niger
White-winged Tern,Chlidonias leucopterus
Whiskered Tern,Chlidonias hybrida
Roseate Tern,Sterna dougallii
Common Tern,Sterna hirundo
Arctic Tern,Sterna paradisaea
Forster's Tern,Sterna forsteri
Royal Tern,Thalasseus maximus
Great Crested Tern,Thalasseus bergii
Sandwich Tern,Thalasseus sandvicensis
Elegant Tern,Thalasseus elegans
Black Skimmer,Rynchops niger
White-tailed Tropicbird,Phaethon lepturus
Red-billed Tropicbird,Phaethon aethereus
Red-tailed Tropicbird,Phaethon rubricauda
Red-throated Loon,Gavia stellata
Arctic Loon,Gavia arctica
Pacific Loon,Gavia pacifica
Common Loon,Gavia immer
Yellow-billed Loon,Gavia adamsii
Atlantic Yellow-nosed (Yellow-nosed) Albatross,Thalassarche chlororhynchos
White-capped Albatross,Thalassarche cauta
Chatham Albatross,Thalassarche eremita
Salvin's Albatross,Thalassarche salvini
Black-browed Albatross,Thalassarche melanophris
Light-mantled Albatross,Phoebetria palpebrata
Wandering Albatross (sp.),Diomedea exulans (sp.)
Laysan Albatross,Phoebastria immutabilis
Black-footed Albatross,Phoebastria nigripes
Short-tailed Albatross,Phoebastria albatrus
Wilson's Storm-Petrel,Oceanites oceanicus
White-faced Storm-Petrel,Pelagodroma marina
Black-bellied Storm-Petrel,Fregetta tropica
European Storm-Petrel,Hydrobates pelagicus
Fork-tailed Storm-Petrel,Hydrobates furcatus
Ringed Storm-Petrel,Hydrobates hornbyi
Swinhoe's Storm-Petrel,Hydrobates monorhis
Leach's Storm-Petrel,Hydrobates leucorhous
Townsend's Storm-Petrel,Hydrobates socorroensis
Ainley's Storm-Petrel,Hydrobates cheimomnestes
Ashy Storm-Petrel,Hydrobates homochroa
Band-rumped Storm-Petrel,Hydrobates castro
Wedge-rumped Storm-Petrel,Hydrobates tethys
Black Storm-Petrel,Hydrobates melania
Tristram's Storm-Petrel,Hydrobates tristrami
Least Storm-Petrel,Hydrobates microsoma
Northern Giant-Petrel,Macronectes halli
Northern Fulmar,Fulmarus glacialis
Gray-faced Petrel,Pterodroma gouldi
Providence Petrel,Pterodroma solandri
Kermadec Petrel,Pterodroma neglecta
Trindade Petrel,Pterodroma arminjoniana
Herald Petrel,Pterodroma heraldica
Murphy's Petrel,Pterodroma ultima
Mottled Petrel,Pterodroma inexpectata
Bermuda Petrel,Pterodroma cahow
Black-capped Petrel,Pterodroma hasitata
Juan Fernandez Petrel,Pterodroma externa
Hawaiian Petrel,Pterodroma sandwichensis
White-necked Petrel,Pterodroma cervicalis
Bonin Petrel,Pterodroma hypoleuca
Black-winged Petrel,Pterodroma nigripennis
Fea's Petrel,Pterodroma feae
Zino's Petrel,Pterodroma madeira
Cook's Petrel,Pterodroma cookii
Stejneger's Petrel,Pterodroma longirostris
Tahiti Petrel,Pseudobulweria rostrata
Bulwer's Petrel,Bulweria bulwerii
Jouanin's Petrel,Bulweria fallax
White-chinned Petrel,Procellaria aequinoctialis
Parkinson's Petrel,Procellaria parkinsoni
Streaked Shearwater,Calonectris leucomelas
Scopoli's Shearwater,Calonectris diomedea
Cory's Shearwater,Calonectris borealis
Cape Verde Shearwater,Calonectris edwardsii
Wedge-tailed Shearwater,Ardenna pacifica
Buller's Shearwater,Ardenna bulleri
Short-tailed Shearwater,Ardenna tenuirostris
Sooty Shearwater,Ardenna grisea
Great Shearwater,Ardenna gravis
Pink-footed Shearwater,Ardenna creatopus
Flesh-footed Shearwater,Ardenna carneipes
Christmas Shearwater,Puffinus nativitatis
Manx Shearwater,Puffinus puffinus
Newell's Shearwater,Puffinus newelli
Bryan's Shearwater,Puffinus bryani
Black-vented Shearwater,Puffinus opisthomelas
Sargasso Shearwater,Puffinus lherminieri
Barolo Shearwater,Puffinus baroli
Jabiru,Jabiru mycteria
Wood Stork,Mycteria americana
Lesser Frigatebird,Fregata ariel
Magnificent Frigatebird,Fregata magnificens
Great Frigatebird,Fregata minor
Masked Booby,Sula dactylatra
Nazca Booby,Sula granti
Blue-footed Booby,Sula nebouxii
Brown Booby,Sula leucogaster
Cocos Booby,Sula brewsteri
Red-footed Booby,Sula sula
Northern Gannet,Morus bassanus
Anhinga,Anhinga anhinga
Brandt's Cormorant,Urile penicillatus
Red-faced Cormorant,Urile urile
Pelagic Cormorant,Urile pelagicus
Great Cormorant,Phalacrocorax carbo
Double-crested Cormorant,Nannopterum auritum
Neotropic Cormorant,Nannopterum brasilianum
American White Pelican,Pelecanus erythrorhynchos
Brown Pelican,Pelecanus occidentalis
Bare-throated Tiger-Heron,Tigrisoma mexicanum
Least Bittern,Botaurus exilis
American Bittern,Botaurus lentiginosus
Yellow Bittern,Botaurus sinensis
Little Blue Heron,Egretta caerulea
Tricolored Heron,Egretta tricolor
Reddish Egret,Egretta rufescens
Chinese Egret,Egretta eulophotes
Snowy Egret,Egretta thula
Little Egret,Egretta garzetta
Western Reef-Heron,Egretta gularis
Black-crowned Night Heron,Nycticorax nycticorax
Yellow-crowned Night Heron,Nyctanassa violacea
Green Heron,Butorides virescens
Chinese Pond-Heron,Ardeola bacchus
Great Egret,Ardea alba
Medium Egret,Ardea intermedia
Western Cattle Egret,Bubulcus ibis
Eastern Cattle-Egret,Ardea coromanda
Gray Heron,Ardea cinerea
Great Blue Heron,Ardea herodias
White Ibis,Eudocimus albus
Scarlet Ibis,Eudocimus ruber
Glossy Ibis,Plegadis falcinellus
White-faced Ibis,Plegadis chihi
Roseate Spoonbill,Platalea ajaja
California Condor,Gymnogyps californianus
Black Vulture,Coragyps atratus
Turkey Vulture,Cathartes aura
Osprey,Pandion haliaetus
White-tailed Kite,Elanus leucurus
Hook-billed Kite,Chondrohierax uncinatus
Swallow-tailed Kite,Elanoides forficatus
Golden Eagle,Aquila chrysaetos
Double-toothed Kite,Harpagus bidentatus
Northern Harrier,Circus hudsonius
Western Marsh Harrier,Circus aeruginosus
Chinese Sparrowhawk,Tachyspiza (Accipiter) soloensis
Eurasian Sparrowhawk,Accipiter nisus
Sharp-shinned Hawk,Accipiter striatus
Cooper's Hawk,Astur (Accipiter) cooperii
American Goshawk,Astur (Accipiter) atricapillus
Black Kite,Milvus migrans
Bald Eagle,Haliaeetus leucocephalus
White-tailed Eagle,Haliaeetus albicilla
Steller's Sea-Eagle,Haliaeetus pelagicus
Mississippi Kite,Ictinia mississippiensis
Crane Hawk,Geranospiza caerulescens
Snail Kite,Rostrhamus sociabilis
Common Black Hawk,Buteogallus anthracinus
Great Black Hawk,Buteogallus urubitinga
Roadside Hawk,Rupornis magnirostris
Harris's Hawk,Parabuteo unicinctus
White-tailed Hawk,Geranoaetus albicaudatus
Gray Hawk,Buteo plagiatus
Red-shouldered Hawk,Buteo lineatus
Broad-winged Hawk,Buteo platypterus
Hawaiian Hawk,Buteo solitarius
Short-tailed Hawk,Buteo brachyurus
Swainson's Hawk,Buteo swainsoni
Zone-tailed Hawk,Buteo albonotatus
Red-tailed Hawk,Buteo jamaicensis
Rough-legged Hawk,Buteo lagopus
Ferruginous Hawk,Buteo regalis
Long-legged Buzzard,Buteo rufinus
(American) Barn Owl,Tyto furcata
Oriental Scops-Owl,Otus sunia
Flammulated Owl,Psiloscops flammeolus
Whiskered Screech-Owl,Megascops trichopsis
Western Screech-Owl,Megascops kennicottii
Eastern Screech-Owl,Megascops asio
Great Horned Owl,Bubo virginianus
Snowy Owl,Bubo scandiacus
Northern Hawk Owl,Surnia ulula
Northern Pygmy-Owl,Glaucidium gnoma
Ferruginous Pygmy-Owl,Glaucidium brasilianum
Elf Owl,Micrathene whitneyi
Burrowing Owl,Athene cunicularia
Spotted Owl,Strix occidentalis
Barred Owl,Strix varia
Mottled Owl,Strix virgata
Great Gray Owl,Strix nebulosa
Long-eared Owl,Asio otus
Stygian Owl,Asio stygius
Short-eared Owl,Asio flammeus
Boreal Owl,Aegolius funereus
Northern Saw-whet Owl,Aegolius acadicus
Northern Boobook,Ninox japonica
Elegant Trogon,Trogon elegans
Eared Quetzal,Euptilotis neoxenus
Eurasian Hoopoe,Upupa epops
Ringed Kingfisher,Megaceryle torquata
Belted Kingfisher,Megaceryle alcyon
Amazon Kingfisher,Chloroceryle amazona
Green Kingfisher,Chloroceryle americana
Eurasian Wryneck,Jynx torquilla
Lewis's Woodpecker,Melanerpes lewis
Red-headed Woodpecker,Melanerpes erythrocephalus
Acorn Woodpecker,Melanerpes formicivorus
Gila Woodpecker,Melanerpes uropygialis
Golden-fronted Woodpecker,Melanerpes aurifrons
Red-bellied Woodpecker,Melanerpes carolinus
Williamson's Sapsucker,Sphyrapicus thyroideus
Yellow-bellied Sapsucker,Sphyrapicus varius
Red-naped Sapsucker,Sphyrapicus nuchalis
Red-breasted Sapsucker,Sphyrapicus ruber
American Three-toed Woodpecker,Picoides dorsalis
Black-backed Woodpecker,Picoides arcticus
Great Spotted Woodpecker,Dendrocopos major
Downy Woodpecker,Dryobates pubescens
Nuttall's Woodpecker,Dryobates nuttallii
Ladder-backed Woodpecker,Dryobates scalaris
Red-cockaded Woodpecker,Dryobates borealis
Hairy Woodpecker,Dryobates villosus
White-headed Woodpecker,Dryobates albolarvatus
Arizona Woodpecker,Dryobates arizonae
Northern Flicker,Colaptes auratus
Gilded Flicker,Colaptes chrysoides
Pileated Woodpecker,Dryocopus pileatus
"Ivory-billed Woodpecker (extinct, 1944)",Campephilus principalis
Collared Forest-Falcon,Micrastur semitorquatus
Crested Caracara,Caracara plancus
Yellow-headed Caracara,Milvago chimachima
Eurasian Kestrel,Falco tinnunculus
American Kestrel,Falco sparverius
Red-footed Falcon,Falco vespertinus
Merlin,Falco columbarius
Eurasian Hobby,Falco subbuteo
Aplomado Falcon,Falco femoralis
Bat Falcon,Falco rufigularis
Gyrfalcon,Falco rusticolus
Peregrine Falcon,Falco peregrinus
Prairie Falcon,Falco mexicanus
Budgerigar (1975-2015),Melopsittacus undulatus
Monk Parakeet,Myiopsitta monachus
"Carolina Parakeet (extinct, 1939)",Conuropsis carolinensis
Nanday Parakeet,Aratinga nenday
Green Parakeet,Psittacara holochlorus
Mitred Parakeet,Psittacara mitratus
Red-masked Parakeet,Psittacara erythrogenys
Thick-billed Parrot,Rhynchopsitta pachyrhyncha
White-winged Parakeet,Brotogeris versicolurus
Yellow-chevroned Parakeet,Brotogeris chiriri
Red-crowned Amazon (Parrot),Amazona viridigenalis
Lilac-crowned Amazon (Parrot),Amazona finschi
Yellow-headed Amazon (Parrot) (1975-1982),Amazona oratrix
Rose-ringed Parakeet,Psittacula krameri
Rosy-faced Lovebird,Agapornis roseicollis
Masked Tityra,Tityra semifasciata
Gray-collared Becard,Pachyramphus major
Rose-throated Becard,Pachyramphus aglaiae
Northern Beardless-Tyrannulet,Camptostoma imberbe
Greenish Elaenia,Myiopagis viridicata
Small-billed Elaenia,Elaenia parvirostris
White-crested Elaenia,Elaenia albiceps
Dusky-capped Flycatcher,Myiarchus tuberculifer
Ash-throated Flycatcher,Myiarchus cinerascens
Nutting's Flycatcher,Myiarchus nuttingi
Great Crested Flycatcher,Myiarchus crinitus
Brown-crested Flycatcher,Myiarchus tyrannulus
La Sagra's Flycatcher,Myiarchus sagrae
Great Kiskadee,Pitangus sulphuratus
Social Flycatcher,Myiozetetes similis
Sulphur-bellied Flycatcher,Myiodynastes luteiventris
Piratic Flycatcher,Legatus leucophaius
Variegated Flycatcher,Empidonomus varius
Crowned Slaty Flycatcher,Empidonomus aurantioatrocristatus
Tropical Kingbird,Tyrannus melancholicus
Couch's Kingbird,Tyrannus couchii
Cassin's Kingbird,Tyrannus vociferans
Thick-billed Kingbird,Tyrannus crassirostris
Western Kingbird,Tyrannus verticalis
Eastern Kingbird,Tyrannus tyrannus
Gray Kingbird,Tyrannus dominicensis
Loggerhead Kingbird,Tyrannus caudifasciatus
Scissor-tailed Flycatcher,Tyrannus forficatus
Fork-tailed Flycatcher,Tyrannus savana
Tufted Flycatcher,Mitrephanes phaeocercus
Olive-sided Flycatcher,Contopus cooperi
Greater Pewee,Contopus pertinax
Western Wood-Pewee,Contopus sordidulus
Eastern Wood-Pewee,Contopus virens
Cuban Pewee,Contopus caribaeus
Yellow-bellied Flycatcher,Empidonax flaviventris
Acadian Flycatcher,Empidonax virescens
Alder Flycatcher,Empidonax alnorum
Willow Flycatcher,Empidonax traillii
Least Flycatcher,Empidonax minimus
Hammond's Flycatcher,Empidonax hammondii
Gray Flycatcher,Empidonax wrightii
Dusky Flycatcher,Empidonax oberholseri
Pine Flycatcher,Empidonax affinis
Western Flycatcher,Empidonax difficilis
Buff-breasted Flycatcher,Empidonax fulvifrons
Black Phoebe,Sayornis nigricans
Eastern Phoebe,Sayornis phoebe
Say's Phoebe,Sayornis saya
Vermilion Flycatcher,Pyrocephalus rubinus
Black-capped Vireo,Vireo atricapilla
White-eyed Vireo,Vireo griseus
Thick-billed Vireo,Vireo crassirostris
Cuban Vireo,Vireo gundlachii
Bell's Vireo,Vireo bellii
Gray Vireo,Vireo vicinior
Hutton's Vireo,Vireo huttoni
Yellow-throated Vireo,Vireo flavifrons
Cassin's Vireo,Vireo cassinii
Blue-headed Vireo,Vireo solitarius
Plumbeous Vireo,Vireo plumbeus
Philadelphia Vireo,Vireo philadelphicus
Warbling Vireo,Vireo gilvus
Red-eyed Vireo,Vireo olivaceus
Yellow-green Vireo,Vireo flavoviridis
Black-whiskered Vireo,Vireo altiloquus
Yucatan Vireo,Vireo magister
Kauai Elepaio,Chasiempis sclateri
Oahu Elepaio,Chasiempis ibidis
Hawaii Elepaio,Chasiempis sandwichensis
Brown Shrike,Lanius cristatus
Red-backed Shrike,Lanius collurio
Loggerhead Shrike,Lanius ludovicianus
Northern Shrike,Lanius borealis
Canada Jay,Perisoreus canadensis
Brown Jay,Cyanocorax morio
Green Jay,Cyanocorax yncas
Pinyon Jay,Gymnorhinus cyanocephalus
Steller's Jay,Cyanocitta stelleri
Blue Jay,Cyanocitta cristata
Florida Scrub-Jay,Aphelocoma coerulescens
Island Scrub-Jay,Aphelocoma insularis
California Scrub-Jay,Aphelocoma californica
Woodhouse's Scrub-Jay,Aphelocoma woodhouseii
Mexican Jay,Aphelocoma wollweberi
Clark's Nutcracker,Nucifraga columbiana
Black-billed Magpie,Pica hudsonia
Yellow-billed Magpie,Pica nuttalli
Eurasian Jackdaw,Coloeus (Corvus) monedula
American Crow,Corvus brachyrhynchos
Tamaulipas Crow,Corvus imparatus
Fish Crow,Corvus ossifragus
Hawaiian Crow,Corvus hawaiiensis
Chihuahuan Raven,Corvus cryptoleucus
Common Raven,Corvus corax
Verdin,Auriparus flaviceps
Carolina Chickadee,Poecile carolinensis
Black-capped Chickadee,Poecile atricapillus
Mountain Chickadee,Poecile gambeli
Mexican Chickadee,Poecile sclateri
Chestnut-backed Chickadee,Poecile rufescens
Boreal Chickadee,Poecile hudsonicus
Gray-headed Chickadee,Poecile cinctus
Bridled Titmouse,Baeolophus wollweberi
Oak Titmouse,Baeolophus inornatus
Juniper Titmouse,Baeolophus ridgwayi
Tufted Titmouse,Baeolophus bicolor
Black-crested Titmouse,Baeolophus atricristatus
Eurasian Skylark,Alauda arvensis
Horned Lark,Eremophila alpestris
Thick-billed Warbler,Arundinax aedon
Icterine Warbler,Hippolais icterina
Millerbird,Acrocephalus familiaris
Sedge Warbler,Acrocephalus schoenobaenus
Blyth's Reed Warbler,Acrocephalus dumetorum
Pallas's Grasshopper Warbler,Helopsaltes certhiola
Middendorff's Grasshopper Warbler,Helopsaltes ochotensis
Lanceolated Warbler,Locustella lanceolata
River Warbler,Locustella fluviatilis
Bank Swallow,Riparia riparia
Tree Swallow,Tachycineta bicolor
Bahama Swallow,Tachycineta cyaneoviridis
Violet-green Swallow,Tachycineta thalassina
Mangrove Swallow,Tachycineta albilinea
Blue-and-white Swallow,Pygochelidon cyanoleuca
Northern Rough-winged Swallow,Stelgidopteryx serripennis
Brown-chested Martin,Progne tapera
Purple Martin,Progne subis
Southern Martin,Progne elegans
Gray-breasted Martin,Progne chalybea
Cuban Martin,Progne cryptoleuca
Barn Swallow,Hirundo rustica
Siberian House-Martin,Delichon lagopodum
Cliff Swallow,Petrochelidon pyrrhonota
Cave Swallow,Petrochelidon fulva
Bushtit,Psaltriparus minimus
Japanese Bush Warbler,Horornis diphone
Willow Warbler,Phylloscopus trochilus
Common Chiffchaff,Phylloscopus collybita
Wood Warbler,Phylloscopus sibilatrix
Dusky Warbler,Phylloscopus fuscatus
Pallas's Leaf Warbler,Phylloscopus proregulus
Yellow-browed Warbler,Phylloscopus inornatus
Arctic Warbler,Phylloscopus borealis
Kamchatka Leaf Warbler,Phylloscopus examinandus
Red-vented Bulbul,Pycnonotus cafer
Red-whiskered Bulbul,Pycnonotus jocosus
Lesser Whitethroat,Curruca (Sylvia) curruca
Wrentit,Chamaea fasciata
Warbling White-eye,Zosterops japonicus
Greater Necklaced Laughingthrush,Pterorhinus (Garrulax) pectoralis
Chinese Hwamei (Hwamei),Garrulax canorus
Red-billed Leiothrix,Leiothrix lutea
Ruby-crowned Kinglet,Corthylio calendula
Golden-crowned Kinglet,Regulus satrapa
Bohemian Waxwing,Bombycilla garrulus
Cedar Waxwing,Bombycilla cedrorum
Gray Silky-flycatcher,Ptiliogonys cinereus
Phainopepla,Phainopepla nitens
Kauai Oo,Moho braccatus
Oahu Oo,Moho apicalis
Bishop's Oo,Moho bishopi
Hawaii Oo,Moho nobilis
Kioea,Chaetoptila angustipluma
Red-breasted Nuthatch,Sitta canadensis
White-breasted Nuthatch,Sitta carolinensis
Pygmy Nuthatch,Sitta pygmaea
Brown-headed Nuthatch,Sitta pusilla
Brown Creeper,Certhia americana
Blue-gray Gnatcatcher,Polioptila caerulea
Black-tailed Gnatcatcher,Polioptila melanura
California Gnatcatcher,Polioptila californica
Black-capped Gnatcatcher,Polioptila nigriceps
Rock Wren,Salpinctes obsoletus
Canyon Wren,Catherpes mexicanus
Sinaloa Wren,Thryophilus sinaloa
Cactus Wren,Campylorhynchus brunneicapillus
Bewick's Wren,Thryomanes bewickii
Carolina Wren,Thryothorus ludovicianus
(Northern) House Wren,Troglodytes aedon
Pacific Wren,Troglodytes pacificus
Winter Wren,Troglodytes hiemalis
Sedge Wren,Cistothorus stellaris
Marsh Wren,Cistothorus palustris
Blue Mockingbird,Melanotis caerulescens
Gray Catbird,Dumetella carolinensis
Curve-billed Thrasher,Toxostoma curvirostre
Brown Thrasher,Toxostoma rufum
Long-billed Thrasher,Toxostoma longirostre
Bendire's Thrasher,Toxostoma bendirei
California Thrasher,Toxostoma redivivum
LeConte's Thrasher,Toxostoma lecontei
Crissal Thrasher,Toxostoma crissale
Sage Thrasher,Oreoscoptes montanus
Bahama Mockingbird,Mimus gundlachii
Northern Mockingbird,Mimus polyglottos
European Starling,Sturnus vulgaris
Common Myna,Acridotheres tristis
Crested Myna (1969-2003),Acridotheres cristatellus
American Dipper,Cinclus mexicanus
Eastern Bluebird,Sialia sialis
Western Bluebird,Sialia mexicana
Mountain Bluebird,Sialia currucoides
Townsend's Solitaire,Myadestes townsendi
Brown-backed Solitaire,Myadestes occidentalis
Kamao,Myadestes myadestinus
Amaui,Myadestes woahensis
Olomao,Myadestes lanaiensis
Omao,Myadestes obscurus
Puaiohi,Myadestes palmeri
Orange-billed Nightingale-Thrush,Catharus aurantiirostris
Black-headed Nightingale-Thrush,Catharus mexicanus
Veery,Catharus fuscescens
Gray-cheeked Thrush,Catharus minimus
Bicknell's Thrush,Catharus bicknelli
Swainson's Thrush,Catharus ustulatus
Hermit Thrush,Catharus guttatus
Wood Thrush,Hylocichla mustelina
Mistle Thrush,Turdus viscivorus
Eurasian Blackbird,Turdus merula
Eyebrowed Thrush,Turdus obscurus
Dusky Thrush,Turdus eunomus
Naumann's Thrush,Turdus naumanni
Fieldfare,Turdus pilaris
Redwing,Turdus iliacus
Song Thrush,Turdus philomelos
Clay-colored Thrush,Turdus grayi
White-throated Thrush,Turdus assimilis
Rufous-backed Robin,Turdus rufopalliatus
American Robin,Turdus migratorius
Red-legged Thrush,Turdus plumbeus
Varied Thrush,Ixoreus naevius
Aztec Thrush,Ridgwayia pinicola
Gray-streaked Flycatcher,Muscicapa griseisticta
Asian Brown Flycatcher,Muscicapa dauurica
Spotted Flycatcher,Muscicapa striata
Dark-sided Flycatcher,Muscicapa sibirica
White-rumped Shama,Copsychus malabaricus
European Robin,Erithacus rubecula
Siberian Blue Robin,Larvivora cyane
Rufous-tailed Robin,Larvivora sibilans
Bluethroat,Luscinia (Cyanecula) svecica
Siberian Rubythroat,Calliope calliope
Red-flanked Bluetail,Tarsiger cyanurus
Narcissus Flycatcher,Ficedula narcissina
Mugimaki Flycatcher,Ficedula mugimaki
Taiga Flycatcher,Ficedula albicilla
Common Redstart,Phoenicurus phoenicurus
Rufous-tailed Rock-Thrush,Monticola saxatilis
Blue Rock-Thrush (Rock-thrush),Monticola solitarius
Amur (Asian) Stonechat,Saxicola maurus
Northern Wheatear,Oenanthe oenanthe
Pied Wheatear,Oenanthe pleschanka
Olive Warbler,Peucedramus taeniatus
African Silverbill,Euodice cantans
Java Sparrow,Padda oryzivora
Scaly-breasted Munia,Lonchura punctulata
Tricolored Munia,Lonchura malacca
Chestnut Munia,Lonchura atricapilla
Red Avadavat,Amandava amandava
Lavender Waxbill ,Glaucestrilda caerulescens
Common Waxbill,Estrilda astrild
Siberian Accentor,Prunella montanella
House Sparrow,Passer domesticus
Eurasian Tree Sparrow,Passer montanus
Eastern Yellow Wagtail,Motacilla tschutschensis
Citrine Wagtail,Motacilla citreola
Gray Wagtail,Motacilla cinerea
White Wagtail,Motacilla alba
Tree Pipit,Anthus trivialis
Olive-backed Pipit,Anthus hodgsoni
Pechora Pipit,Anthus gustavi
Red-throated Pipit,Anthus cervinus
Siberian Pipit,Anthus japonicus
American Pipit,Anthus rubescens
Sprague's Pipit,Anthus spragueii
Common Chaffinch,Fringilla coelebs
Brambling,Fringilla montifringilla
Evening Grosbeak,Coccothraustes vespertinus
Hawfinch,Coccothraustes coccothraustes
Common Rosefinch,Carpodacus erythrinus
Pallas's Rosefinch,Carpodacus roseus
Poo-uli,Melamprosops phaeosoma
Akikiki,Oreomystis bairdi
Oahu Alauahio,Paroreomyza maculata
Kakawahie,Paroreomyza flammea
Maui Alauahio,Paroreomyza montana
Palila,Loxioides bailleui
Laysan Finch,Telespiza cantans
Nihoa Finch,Telespiza ultima
Kona Grosbeak,Chloridops kona
Lesser Koa-Finch,Rhodacanthis flaviceps
Greater Koa-Finch,Rhodacanthis palmeri
Ula-ai-hawane,Ciridops anna
Akohekohe,Palmeria dolei
Laysan Honeycreeper,Himatione fraithii
Apapane,Himatione sanguinea
Iiwi,Drepanis coccinea
Hawaii Mamo,Drepanis pacifica
Black Mamo,Drepanis funerea
Ou,Psittirostra psittacea
Lanai Hookbill,Dysmorodrepanis munroi
Maui Parrotbill,Pseudonestor xanthophrys
Kauai Nukupuu,Hemignathus hanapepe
Oahu Nukupuu,Hemignathus lucidus
Maui Nukupuu,Hemignathus affinis
Akiapolaau,Hemignathus wilsoni
Lesser Akialoa,Akialoa obscura
Kauai Akialoa,Akialoa stejnegeri
Oahu Akialoa,Akialoa ellisiana
Maui-nui Akialoa,Akialoa lanaiensis
Anianiau,Magumma parva
Hawaii Amakihi,Chlorodrepanis virens
Oahu Amakihi,Chlorodrepanis flava
Kauai Amakihi,Chlorodrepanis stejnegeri
Greater Amakihi,Viridonia sagittirostris
Hawaii Creeper,Loxops mana
Akekee,Loxops caeruleirostris
Oahu Akepa,Loxops wolstenholmei
Maui Akepa,Loxops ochraceus
Hawaii Akepa,Loxops coccineus
Pine Grosbeak,Pinicola enucleator
Eurasian Bullfinch,Pyrrhula pyrrhula
Asian Rosy-Finch,Leucosticte arctoa
Gray-crowned Rosy-Finch,Leucosticte tephrocotis
Black Rosy-Finch,Leucosticte atrata
Brown-capped Rosy-Finch,Leucosticte australis
House Finch,Haemorhous mexicanus
Purple Finch,Haemorhous purpureus
Cassin's Finch,Haemorhous cassinii
Oriental Greenfinch,Chloris sinica
Yellow-fronted Canary,Crithagra mozambica
Common Redpoll (Redpoll),Acanthis flammea
Red Crossbill,Loxia curvirostra
Cassia Crossbill,Loxia sinesciuris
White-winged Crossbill,Loxia leucoptera
European Goldfinch,Carduelis carduelis
Eurasian Siskin,Spinus spinus
Pine Siskin,Spinus pinus
Lesser Goldfinch,Spinus psaltria
Lawrence's Goldfinch,Spinus lawrencei
American Goldfinch,Spinus tristis
Island Canary,Serinus canaria
Lapland Longspur,Calcarius lapponicus
Chestnut-collared Longspur,Calcarius ornatus
Smith's Longspur,Calcarius pictus
Thick-billed Longspur,Rhynchophanes mccownii
Snow Bunting,Plectrophenax nivalis
McKay's Bunting,Plectrophenax hyperboreus
Pine Bunting,Emberiza leucocephalos
Yellow-browed Bunting,Emberiza chrysophrys
Little Bunting,Emberiza pusilla
Rustic Bunting,Emberiza rustica
Yellow-throated Bunting,Emberiza elegans
Yellow-breasted Bunting,Emberiza aureola
Gray Bunting,Emberiza variabilis
Pallas's Bunting,Emberiza pallasi
Reed Bunting,Emberiza schoeniclus
Rufous-winged Sparrow,Peucaea carpalis
Botteri's Sparrow,Peucaea botterii
Cassin's Sparrow,Peucaea cassinii
Bachman's Sparrow,Peucaea aestivalis
Grasshopper Sparrow,Ammodramus savannarum
Olive Sparrow,Arremonops rufivirgatus
Five-striped Sparrow,Amphispizopsis quinquestriata
Black-throated Sparrow,Amphispiza bilineata
Lark Sparrow,Chondestes grammacus
Lark Bunting,Calamospiza melanocorys
Chipping Sparrow,Spizella passerina
Clay-colored Sparrow,Spizella pallida
Black-chinned Sparrow,Spizella atrogularis
Field Sparrow,Spizella pusilla
Brewer's Sparrow,Spizella breweri
Worthen's Sparrow,Spizella wortheni
Fox Sparrow,Passerella iliaca
American Tree Sparrow,Spizelloides arborea
Dark-eyed Junco,Junco hyemalis
Yellow-eyed Junco,Junco phaeonotus
White-crowned Sparrow,Zonotrichia leucophrys
Golden-crowned Sparrow,Zonotrichia atricapilla
Harris's Sparrow,Zonotrichia querula
White-throated Sparrow,Zonotrichia albicollis
Bell's Sparrow,Artemisiospiza belli
Sagebrush Sparrow,Artemisiospiza nevadensis
Vesper Sparrow,Pooecetes gramineus
LeConte's Sparrow,Ammospiza leconteii
Seaside Sparrow,Ammospiza maritima
Nelson's Sparrow,Ammospiza nelsoni
Saltmarsh Sparrow,Ammospiza caudacuta
Baird's Sparrow,Centronyx bairdii
Henslow's Sparrow,Centronyx henslowii
Savannah Sparrow,Passerculus sandwichensis
Song Sparrow,Melospiza melodia
Lincoln's Sparrow,Melospiza lincolnii
Swamp Sparrow,Melospiza georgiana
Canyon Towhee,Melozone fusca
Abert's Towhee,Melozone aberti
California Towhee,Melozone crissalis
Rufous-crowned Sparrow,Aimophila ruficeps
Green-tailed Towhee,Pipilo chlorurus
Spotted Towhee,Pipilo maculatus
Eastern Towhee,Pipilo erythrophthalmus
Western Spindalis,Spindalis zena
Yellow-breasted Chat,Icteria virens
Yellow-headed Blackbird,Xanthocephalus xanthocephalus
Bobolink,Dolichonyx oryzivorus
Chihuahuan Meadowlark,Sturnella lilianae
Eastern Meadowlark,Sturnella magna
Western Meadowlark,Sturnella neglecta
Black-vented Oriole,Icterus wagleri
Orchard Oriole,Icterus spurius
Hooded Oriole,Icterus cucullatus
Streak-backed Oriole,Icterus pustulatus
Bullock's Oriole,Icterus bullockii
Spot-breasted Oriole,Icterus pectoralis
Altamira Oriole,Icterus gularis
Audubon's Oriole,Icterus graduacauda
Baltimore Oriole,Icterus galbula
Black-backed Oriole,Icterus abeillei
Scott's Oriole,Icterus parisorum
Red-winged Blackbird,Agelaius phoeniceus
Tricolored Blackbird,Agelaius tricolor
Tawny-shouldered Blackbird,Agelaius humeralis
Shiny Cowbird,Molothrus bonariensis
Bronzed Cowbird,Molothrus aeneus
Brown-headed Cowbird,Molothrus ater
Rusty Blackbird,Euphagus carolinus
Brewer's Blackbird,Euphagus cyanocephalus
Common Grackle,Quiscalus quiscula
Boat-tailed Grackle,Quiscalus major
Great-tailed Grackle,Quiscalus mexicanus
Ovenbird,Seiurus aurocapilla
Worm-eating Warbler,Helmitheros vermivorum
Louisiana Waterthrush,Parkesia motacilla
Northern Waterthrush,Parkesia noveboracensis
"Bachman's Warbler (extinct, 1937)",Vermivora bachmanii
Golden-winged Warbler,Vermivora chrysoptera
Blue-winged Warbler,Vermivora cyanoptera
Black-and-white Warbler,Mniotilta varia
Prothonotary Warbler,Protonotaria citrea
Swainson's Warbler,Limnothlypis swainsonii
Crescent-chested Warbler,Oreothlypis superciliosa
Tennessee Warbler,Leiothlypis peregrina
Orange-crowned Warbler,Leiothlypis celata
Colima Warbler,Leiothlypis crissalis
Lucy's Warbler,Leiothlypis luciae
Nashville Warbler,Leiothlypis ruficapilla
Virginia's Warbler,Leiothlypis virginiae
Connecticut Warbler,Oporornis agilis
Gray-crowned Yellowthroat,Geothlypis poliocephala
MacGillivray's Warbler,Geothlypis tolmiei
Mourning Warbler,Geothlypis philadelphia
Kentucky Warbler,Geothlypis formosa
Common Yellowthroat,Geothlypis trichas
Hooded Warbler,Setophaga citrina
American Redstart,Setophaga ruticilla
Kirtland's Warbler,Setophaga kirtlandii
Cape May Warbler,Setophaga tigrina
Cerulean Warbler,Setophaga cerulea
Northern Parula,Setophaga americana
Tropical Parula,Setophaga pitiayumi
Magnolia Warbler,Setophaga magnolia
Bay-breasted Warbler,Setophaga castanea
Blackburnian Warbler,Setophaga fusca
Yellow Warbler,Setophaga petechia
Chestnut-sided Warbler,Setophaga pensylvanica
Blackpoll Warbler,Setophaga striata
Black-throated Blue Warbler,Setophaga caerulescens
Palm Warbler,Setophaga palmarum
Pine Warbler,Setophaga pinus
Yellow-rumped Warbler,Setophaga coronata
Yellow-throated Warbler,Setophaga dominica
Prairie Warbler,Setophaga discolor
Grace's Warbler,Setophaga graciae
Black-throated Gray Warbler,Setophaga nigrescens
Townsend's Warbler,Setophaga townsendi
Hermit Warbler,Setophaga occidentalis
Golden-cheeked Warbler,Setophaga chrysoparia
Black-throated Green Warbler,Setophaga virens
Fan-tailed Warbler,Basileuterus lachrymosus
Rufous-capped Warbler,Basileuterus rufifrons
Golden-crowned Warbler,Basileuterus culicivorus
Canada Warbler,Cardellina canadensis
Wilson's Warbler,Cardellina pusilla
Red-faced Warbler,Cardellina rubrifrons
Painted Redstart,Myioborus pictus
Slate-throated Redstart,Myioborus miniatus
Hepatic Tanager,Piranga flava
Summer Tanager,Piranga rubra
Scarlet Tanager,Piranga olivacea
Western Tanager,Piranga ludoviciana
Flame-colored Tanager,Piranga bidentata
Crimson-collared Grosbeak,Periporphyrus celaeno
Northern Cardinal,Cardinalis cardinalis
Pyrrhuloxia,Cardinalis sinuatus
Yellow Grosbeak,Pheucticus chrysopeplus
Rose-breasted Grosbeak,Pheucticus ludovicianus
Black-headed Grosbeak,Pheucticus melanocephalus
Blue Bunting,Cyanocompsa parellina
Blue Grosbeak,Passerina caerulea
Lazuli Bunting,Passerina amoena
Indigo Bunting,Passerina cyanea
Varied Bunting,Passerina versicolor
Painted Bunting,Passerina ciris
Dickcissel,Spiza americana
Red-crested Cardinal,Paroaria coronata
Yellow-billed Cardinal,Paroaria capitata
Blue-gray Tanager (1969-1982),Thraupis episcopus
Saffron Finch,Sicalis flaveola
Blue-black Grassquit,Volatinia jacarina
Red-legged Honeycreeper,Cyanerpes cyaneus
Bananaquit,Coereba flaveola
Yellow-faced Grassquit,Tiaris olivaceus
Black-faced Grassquit,Melanospiza bicolor
Morelet's Seedeater,Sporophila morelleti
Mandarin Duck,Aix galericulata
Japanese Quail*,Coturnix japonica
Golden Pheasant,Chrysolophus pictus
Silver Pheasant,Lophura nycthemera
Tanimbar Corella,Cacatua goffiniana
Red-lored Parrot,Amazona autumnalis
Yellow-headed Parrot,Amazona oratrix
White-fronted Parrot,Amazona albifrons
Orange-winged Parrot,Amazona amazonica
Burrowing Parakeet,Cyanoliseus patagonus
Blue-and-yellow Macaw,Ara ararauna
Chestnut-fronted Macaw,Ara severus
Blue-crowned Parakeet,Thectocercus acuticaudatus
White-eyed Parakeet,Psittacara leucophthalmus
Great Tit,Parus major
Swinhoe's White-eye,Zosterops simplex
Northern Red Bishop,Euplectes franciscanus
Orange-cheeked Waxbill,Estrilda melpoda
Pin-tailed Whydah,Vidua macroura
West Indian Whistling-Duck,Dendrocygna arborea
Ruddy Shelduck,Tadorna ferruginea
Azure Gallinule*,Porphyrio flavirostris
Demoiselle Crane,Anthropoides virgo
Great White Pelican,Pelecanus onocrotalus
Variable Hawk*,Geranoaetus polyosoma
Cattle Tyrant,Machetornis rixosa
House Crow,Corvus splendens
Hooded Crow*,Corvus cornix
Black Catbird*,Melanoptila glabrirostris
Gray Thrasher*,Toxostoma cinereum
Tropical Mockingbird,Mimus gilvus
Rufous-collared Sparrow,Zonotrichia capensis
Striped Sparrow,Oriturus superciliosus
Lesson's Seedeater,Sporophila bouvronides
